method,min_eig,logdet,focal_err_px,pp_err_px,dist_err,rot_err_deg,trans_err_cm,train_rms,heldout_rms,time_s
random,1.4371e-01,7.6491e+01,1.2376e+00,2.6788e+00,1.9330e-02,6.9457e-02,7.4271e-02,1.3958e+00,2.8562e+00,1.0517e+00
coverage,9.7092e-02,7.5135e+01,1.5606e+00,5.4775e+00,1.0139e-02,1.4777e-01,1.5776e-01,1.3947e+00,5.3116e+00,3.2663e-04
motion-diversity,1.1644e-01,7.7197e+01,7.3574e-01,5.8254e-01,4.7574e-03,3.8301e-02,3.0198e-02,1.3725e+00,1.3619e+00,1.0575e-01
a-optimal,3.2201e-01,7.9549e+01,1.0178e+00,1.7630e+00,4.8839e-03,4.5628e-02,4.8612e-02,1.3948e+00,1.9802e+00,4.2691e+00
d-optimal,2.6467e-01,8.0335e+01,4.3540e-01,1.9334e+00,4.2556e-03,7.3343e-02,5.0259e-02,1.4123e+00,2.2055e+00,4.1082e+00
greedy-e,3.3241e-01,7.7999e+01,1.1454e+00,2.4860e+00,3.7432e-03,7.9761e-02,7.8353e-02,1.3819e+00,2.6350e+00,4.1441e+00
fw-e,3.3613e-01,7.7462e+01,1.3441e+00,2.4319e+00,1.5427e-02,7.2518e-02,7.5259e-02,1.3929e+00,2.5756e+00,4.0073e+00
fw-a,3.2273e-01,7.9705e+01,5.3259e-01,1.1736e+00,1.1089e-02,5.0855e-02,3.9879e-02,1.4172e+00,1.6435e+00,3.7251e+00
fw-d,2.6483e-01,8.0333e+01,4.5469e-01,1.6866e+00,3.5358e-03,6.8094e-02,4.8044e-02,1.4102e+00,2.0073e+00,3.3329e+00
